Título,Subtítulo,Autor,Editor,Encuadernación,Fecha de compra,Precio de compra,Editorial,Edición,Año del copyright,Año de publicación,ISBN#,LCCN#,Páginas,Traductor,Idioma,Género,Palabras clave,Serie,Número en la serie,Condición,Firmado,Leído,Regalo,Prestado,Clasificación,Carátula frontal,Sinopsis,Comentarios,ID,Fecha de creación,Fecha de modificación
Agrometeorología,,Guillermo Mario Murphy; Rafael Horacio Hurtado,Guillermo Mario Murphy; Rafael Horacio Hurtado,Rústica,,,Editorial Facultad de Agronomía,Tercera edición,2020,2011,978-987-293385-2,,512,,Castellano,Climatología,Climatología; Agronomía,,,Nuevo,,,,,,d6ec799005f3434322d2e70cc95e11b6.jpeg,"El objetivo principal de este libro es el de poner a disposición de los estudiantes de carreras de agronomía, ciencias ambientales y otras afines, los principios básicos de la Agrometeorología de una forma comprensible. Sin embargo, puede ser también de gran utilidad para profesionales que deseen actualizar sus conocimientos en esta área de la ciencia. La primera parte incluye los aspectos físicos necesarios para la comprensión de las características principales e interrelaciones de los distintos componentes del sistema climático. La acción de los elementos del tiempo y el clima sobre los procesos biológicos vinculados a la actividad productiva agropecuaria y su impacto sobre el ambiente corresponden la segunda parte, mientras que la tercera, dedicada a la relación entre el tiempo y el clima y la producción agropecuaria, incluye temas como las adversidades, el efecto de la variación del clima sobre la producción en la Argentina y las principales características del clima argentino. Esta última se amplió en esta segunda edición con la inclusión de dos importantes capítulos: “Tiempo, clima y ganadería” y “Sistemas de pronósticos de enfermedades”.",,1,2023-10-11,2023-10-13
Climatología y fenología agrícolas,,Armando Leopoldo De Fina; Andrés Carlos Ravelo,,Rústica,,,Editorial Universitaria de Buenos Aires,Cuarta edición,1985,1972,950-230123-4,,354,,Castellano,Climatología,Climatología; Fenología,,,Usado,,,,,,0d8208f7a5b9f4c3738e21f2f115a8f3.jpeg,,,2,2023-10-11,2023-10-13
Árboles,Una guía esencial para plantar y mantener diversas especies de árboles,Ana Beatriz Guarnaschelli; Ana Cecilia Garau,Cecilia Repetti,Rústica,,,Editorial Albatros,Primera edición,2009,2009,978-950-241236-8,,112,,Castellano,Jardinería,Árboles; Jardinería práctica,,,Nuevo,,,,,,f37224765b81c12c4385f69d1a81cddf.jpeg,"Una guía para el conocimiento de los árboles y su valor ambiental, incluyendo el listado de distintas especies utilizadas en parques, en jardines y en el arbolado urbano con información útil para su elección.<br/><br/>- Cómo producir plantas aptas para el arbolado y cómo realizar una correcta plantación.<br/><br/>- Cuidados posteriores necesarios para lograr altos niveles de supervivencia y crecimiento.<br/><br/>- Los problemas sanitarios más comunes y los consejos para mantener árboles saludables.",,3,2023-10-11,2023-10-13
Arbolado urbano,Implantación y cuidados de árboles para veredas,Juan Lell,,Rústica,,,Orientación Gráfica Editora,Primera edición,2006,2006,987-926044-9,,208,,Castellano,Jardinería,Árboles; Árbolado urbano,,,Nuevo,,,,,,9e2ee63c213c2286dd0d505cadba6e9c.png,"En el paisaje y el ambiente de una ciudad, la calidad del arbolado de sus veredas tiene una influencia significativa.En las últimas décadas el conocimiento ha aportado herramientas valiosas para la gestión eficiente del arbolado urbano, en general, y para el de las veredas, en particular, aún muy poco difundidas en la bibliografía de habla hispana.Este libro propone poner a disposición del lector información recopilada de antecedentes bibliográficos, y elaborada sobre la observación directa de muchos arbolados de veredas de distintos centros urbanos.Se incluyen la relación árbolambiente urbano, criterios para la elección de especies, plantación, cuidados y mantenimiento enfermedades, podas y gestión de riesgos.Además describe, sintéticamente 34 especies frecuentemente empleadas en las veredas urbanas.",,4,2023-10-11,2023-10-13
Pinos ornamentales y forestales,,Julio A. Hurrell; Daniel H. Bazzano,Julio A. Hurrell,Rústica,,,Editorial LOLA,Primera edición,2007,2007,950-972594-3,,240,,Castellano,Flora,Árboles; Pinos,Plantas de la Argentina,2,Nuevo,,,,,,aa4dc87f6ab8586a7b2b8921919058c9.jpeg,,,5,2023-10-11,2023-12-17
Vida en evolución,La historia natural vista desde Sudamérica,Sebastián Apesteguía; Roberto Ares,José Luis Vázquez,Rústica,,,Vázquez Mazzini Editores,Primera edición,2010,2010,978-987-913225-8,,384,,Castellano,Evolución,Evolución,,,Nuevo,,,,,,0e622ba2f5b84f8a7e53e189dda65758.png,,,6,2023-10-11,2023-10-13
Principios de ecología,,José Luis Fontana,,Rústica,,,Editorial Brujas,Primera edición,2016,2016,978-987-591503-9,,316,,Castellano,Ecología,Ecología,,,Nuevo,,,,,,09191d4f7bb216ecd6d935535d31b8f5.jpeg,"Principios de Ecología es el resultado de muchos años de docencia universitaria, de trabajos de campo del autor y de la necesidad de contar con un texto que incluya ejemplos propios de nuestra región y de Latinoamérica.  Aunque no pensado como un manual, opera como tal. El lector encontrará en él un compendio de los principales temas del inmenso campo que es la Ecología Moderna; desde los factores ambientales básicos que influyen sobre la vida de los organismos, incluyendo clima y suelo; las bases de estudio de las poblaciones, comunidades y ecosistemas, hasta los ciclos de los nutrientes. Repasa conceptos sobre la biodiversidad y el paisaje, ejes de trabajos de investigación muy importantes en la actualidad frente a la fuerte impronta humana que cambia bosques y otros ecosistemas naturales por campos de cultivo. La distribución de los organismos y una ecología humana completan esta síntesis ecológica.  El libro está escrito con un lenguaje sencillo pero riguroso en su contenido. Su destinatario son los estudiantes de grado, los formadores y en general todas aquellas personas que se interesan en temas ambientales y desean encontrar las respuestas a muchas de sus preguntas.",,7,2023-10-11,2023-10-11
Nuestros árboles,"De note a sur, descubriendo los árboles de la Argentina",Juan Carlos Chébez; Mariano Masariche,Cecilia Repetti,Rústica,,,Editorial Albatros,Primera edición,2010,2010,978-950-241309-9,,128,,Castellano,Flora,Árboles; Argentina,,,Nuevo,,,,,,aa7e2e28973013dcddb1c331e332719f.png,,"Bilingue: Español-Inglés (Trees of Argentina: The trees of Argentina, from the North to the South).<br/>",8,2023-10-11,2023-10-13
Árboles nativos e introducidos en Patagonia,,Bernardo Gut,José Luis Vázquez,Rústica,,,Vázquez Mazzini Editores,Primera edición,2017,2017,978-987-913254-8,,416,,Castellano,Flora,Árboles; Patagonia,,,Nuevo,,,,,,a970b5857a32af42e7f29390d90edd67.png,,Bilingue: Español-Inglés (Native and introduced trees in Patagonia).,9,2023-10-11,2023-10-13
Palmeras argentinas,Guía para el reconocimiento,Elsa Leonor Cabral; Marcelo Castro,Colin Sharp,Rústica,,,Editorial LOLA,Primera edición,2007,2007,978-950-972596-6,,88,,Castellano,Flora,Palmeras; Argentina,,,Nuevo,,,,,,d3d78a6e3ec36ee3805b78737238351e.png,"El objetivo de este libro es presentar las especies nativas de palmeras, como aporte al conocimiento de la flora argentina, a través de la síntesis de los aspectos morfológicos  y ecológicos, incluyendo dibujos, fotos y mapas de distribución de cada una de ellas.<br/><br/>Desde que se describió por primera vez como familia botánica , Palmae o Arecaceae, en el siglo XVIII hasta la actualidad, ha despertado el interés de aficionados y botánicos y para los habitantes del trópico representan una de las plantas más útiles para el hombre, junto a gramíneas y leguminosas.<br/><br/>Según Henderson et al. (1995), existe un total de 1500 especies reunidas en 200 géneros, distribuidas entre los 23°N y 23°S. En América se reconocen 67 géneros con 550 especies y se encuentra la mayor diversidad en los bosques lluviosos del Amazonas, en Colombia, Perú, Ecuador y Brasil. En Argentina viven 8 géneros con 11 especies que se concentran especialmente en el NE del país. Habitan en los más variados ambientes naturales y con diferentes caracteres de presencia y frecuencia de las especies.",,10,2023-10-13,2023-10-13
La energía vegetal,,Paul-Émile Pilet,,Rústica,,,Editorial Universitaria de Buenos Aires,,1956,1963,,,66,Roberto Piterbarg,Castellano,Química,Energía vegetal,Cuadernos,80,Usado,,,,,,0f2ecf3c23c88c6eb02ad7cbcb466f40.png,,,11,2023-10-13,2023-10-13
Coníferas ornamentales,,Roberto Guillén Andreu,,Rústica,,,"Florapint España, S.A.",,,1989,,,142,Roberto Guillén Andreu,Castellano,Flora,Árboles; Arbustos; Coníferas,,,Usado,,,,,,3e164b6ee4a7efbd201436c2e9501313.jpeg,,,12,2023-10-13,2023-10-13
Árboles de los parques nacionales del sur,Árboles autóctonos característicos de los Bosques Andino-Patagónicos de la Argentina,María Victoria Bisheimer; Eduardo Marcelo Fernández,Marcelo Scaravaglione,Rústica,,,,Segunda edición,2000,2003,987-436154-9,,176,,Castellano,Flora,Árboles; Parques nacionales; Patagonia,,,Nuevo,,,,,,dc20248a39298745c2e63b7f0ee18c6c.jpeg,,,13,2023-10-13,2023-10-13
Árboles de los parques nacionales del sur,Árboles autóctonos característicos de los Bosques Andino-Patagónicos de la Argentina,María Victoria Bisheimer; Eduardo Marcelo Fernández,,Rústica,,,,Segunda edición,,2009,978-987-055980-1,,240,,Castellano,Flora,Árboles; Patagonia; Parques nacionales,,,Nuevo,,,,,,99eb880357e32c5a0d21520d827ff8c6.png,"En nuestros días, es bien conocida la importancia de los bosques para la sobrevivencia de gran número de especies, entre ellas, el hombre. Son irreemplazables pulmones atmosféricos, reservorios de agua, proveedores de materia prima y sustentan parte importante de la diversidad biológica universal. Los árboles se encuentran entre los elementos más carismáticos y conspicuos de la naturaleza silvestre que se desarrolla en los bosques Andino-patagónicos de la Argentina. Son el esqueleto de los bosques. Junto a ellos se desarrollan muchas otras formas de vida vegetal y animal conformando un ecosistema único en el mundo. Para quienes quieran conocer, entender y disfrutar aún más las maravillas naturales de los parques nacionales del suroeste argentino, con sus diferentes y asombrosas especies, les aconsejamos iniciar este camino a través de sus árboles. Apasionados, como somos, por la naturaleza nativa (dos opciones: de la Argentina o argentina), y comprometidos con el cuidado y protección de ésta, deseamos a través de la presente obra, despertar la curiosidad y fomentar la conciencia de la importancia de proteger la vida silvestre de la región y del mundo. Trascurridos nueve años desde la primera publicación de Árboles de los Parques Nacionales del Sur, esta segunda edición recoge los contenidos anteriores y los amplía a la luz de otros desafíos e informaciones. Nuevas especies enriquecen este libro y lo fortalecen. Se suman también bellas y numerosas fotografías, y se incorporan ilustraciones con detalles de cada especie que ayudarán para una rápida identificación en campo. Esta nueva edición, traducida al idioma inglés, extiende su alcance al lector extranjero.",Bilingue: Español-Inglés (Trees of the Southern national parks: Native trees characteristic of the Andean-Patagonian forests of Argentina).,14,2023-10-13,2023-10-13
Botánica,Morfología de las plantas superiores,Juan José Valla,,Rústica,,,Editorial Hemisferio Sur,Primera edición - 22a reimpresión,1979,2011,978-950-504378-1,,352,,Castellano,Botánica,Bótanica; Morfología,,,Nuevo,,,,,,d4347b53b67c13d026ea9d5adc669115.png,,,15,2023-10-13,2023-10-13
Árboles nativos de Argentina,Tomo 1: Centro y Cuyo,Pablo Demaio; Ulf Ola Karlin; Mariano Medina,,Rústica,,,Ecoval Ediciones,Primera edición,2015,2015,978-987-456716-1,,188,,Castellano,Flora,Árboles; Argentina; Centro; Cuyo,,,Nuevo,,,,,,d118b2af06f4d5d4227f4785f48e0b24.png,,,16,2023-10-13,2023-10-13
Árboles nativos de Argentina,Tomo 2: Patagonia,Pablo Demaio; Ulf Ola Karlin; Mariano Medina,,Rústica,,,Ecoval Ediciones,Primera edición,2017,2017,978-987-400316-4,,125,,Castellano,Flora,Argentina; Árboles; Patagonia,,,Nuevo,,,,,,133a01d3683fa7056a851a97a2c31942.png,,,17,2023-10-13,2023-10-13
Árboles nativos de Argentina,Tomo 3: Noroeste,Pablo Demaio; Ulf Ola Karlin; Mariano Medina,,Rústica,,,Ecoval Ediciones,Primera edición,2021,2021,978-987-400375-1,,416,,Castellano,Flora,Argentina; Árboles; Noroeste,,,Nuevo,,,,,,1ba9b166c86f8b71e52ff900b483484d.png,,,18,2023-10-13,2023-10-13
Entender la Ecología,"Cómo funciona el equilibrio natural, sus puntos débiles y la influencia humana",Christiane Wagner,Cristina Rodríguez Fischer,Tapa dura,,,BLUME,,1989,1999,84-80-76036-2,,242,Federico Pla Serrano,Castellano,Ecología,Ecología,,,Nuevo,,,,,,c942bf13981976b4be73dc0362128887.png,,,19,2023-10-13,2023-10-13
Termodinámica,,David N. J. Stevenazzi,,Rústica,,,Cesarini Hnos. Editores,Quinta edición,,1994,,,350,,Castellano,Física,Termodinámica,,,Usado,,,,,,27a840d655e8676ee159ce50a622c69d.png,,I.S.B.N.: 950-026-057,20,2023-10-13,2023-10-13
Introducción a la Fisiología Vegetal,,Bernard S. Meyer; Donald B. Anderson; Richard H. Bohning,,Rústica,,,Editorial Universitaria de Buenos Aires,Tercera edición,1966,1972,,,579,Luis Guibert; Roberto Pitterbarg,Castellano,Botánica,Botánica; Fisiología Vegetal,,,Usado,,,,,,f37f1d619f34a3fd171c538f86286b54.png,,,21,2023-10-13,2023-10-13
Análisis Matemático I,para estudiantes de Matemática,Alejandro E. García Venturini,,Rústica,,,Ediciones Cooperativas,Segunda edición,2012,2017,978-987-124629-8,,456,,Castellano,Matemática,Matemática; Análisis Matemático,,,Nuevo,,,,,,f04826842a14eb96d82ca3f42dde776f.png,,,22,2023-10-13,2023-10-13
100 árboles argentinos,,Eduardo Haene; Gustavo Aparicio,Jorge L. Deverill,Rústica,,,Editorial Albatros,Primera edición - 4ta reimpresión,2001,2014,978-950-240943-6,,128,,Castellano,Flora,Argentina; Árboles,,,Nuevo,,,,,,ac31563e2c589158d8b2678abc17ce08.png,"Dada la incipiente valoración de la naturaleza en nuestro país, resulta muy oportuna la presencia de este libro cuyo objetivo es destacar la importancia de los árboles nativos, resaltar algunos aspectos curiosos y reseñar cien especies de la Argentina. El texto ameno y de fácil lectura, los puntos de vista interesantes, algunos consejos útiles y el respaldo de muchos detalles técnicos a través de ilustraciones y fotos, incentivan y facilitan el acercamiento a nuestros árboles y su propagación en jardines, plazas, aceras y reservas urbanas. Resulta una herramienta fundamental tanto para ponerse en acción realizando tareas sencillas y placenteras, como para descubrir que los árboles nos brindan una oportunidad concreta para trabajar todos los días en favor de la naturaleza y la calidad de vida de nuestra sociedad.",,23,2023-10-13,2023-10-13
Cultivo de plantas nativas Patagónicas,Árboles y arbustos,Adriana Edit Rovere,,Rústica,,,Editorial Caleuche,Primera edición,2006,2006,987-217319-2,,64,,Castellano,Jardinería,Cultivo; Argentina; Patagonia; Árboles; Arbustos,,,Nuevo,,,,,,6c36b71523af55a51585f5973611fc67.jpeg,,Bilingue: Español-Inglés (Growing native Patagonian plants: Trees and shrubs).,24,2023-10-13,2023-10-13
Enciclopedia de las palmeras,Especies y variedades - Cultivo - Prevención y tratamiento de las enfermedades,Teresa Garcerán,,Rústica,,,"De Vecchi Ediciones, S.A.",,2012,,978-84-31-55198-8,,238,,Castellano,Flora,Palmeras,,,Nuevo,,,,,,caf3c0b7dbdb9ded1757ed309fc0b701.jpeg,Las palmeras son plantas capaces de evocar paraísos lejanos; por lo que cada vez son más apreciadas y valoradas para adornar jardines y espacios abiertos. En esta enciclopedia hallará toda la información sobre sus características morfológicas; distribución de su hábitat en el mundo; tareas necesarias para su cultivo; y plagas y enfermedades que pueden llegar a afectarlas. Además; encontrará: una completa guía de especies con más de cincuenta fichas; todas las indicaciones y consejos necesarios para su cultivo y cuidados.,,25,2023-10-14,2023-10-14
Guía de las reservas naturales de la Argentina: Patagonia Norte,Una recorrida por los tesoros naturales del país: Neuquén - Río Negro - Chubut,Juan Carlos Chébez,Cecilia Repetti,Rústica,,,Editorial Albatros,Primera edición,2005,2005,950-241056-4,,192,,Castellano,Guía natural,Patagonia; Reservas naturales,Guía de las reservas naturales de la Argentina,1,Nuevo,,,,,,a3c8f62e4e3e9df5ceddd03abcfae471.png,,,26,2023-10-14,2023-10-14
Guía de las reservas naturales de la Argentina: Patagonia Austral,Una recorrida por los tesoros naturales del país: Santa Cruz - Tierra del Fuego - Islas australes - Antártida,Juan Carlos Chébez,Cecilia Repetti,Rústica,,,Editorial Albatros,Primera edición,2005,2005,950-241057-2,,192,,Castellano,Guía natural,Patagonia; Reservas naturales,Guía de las reservas naturales de la Argentina,2,Nuevo,,,,,,c951e2b48602044bf8974f7f6b3b2a02.png,,,27,2023-10-14,2023-10-14
Guía de las reservas naturales de la Argentina: Nordeste,Una recorrida por los tesoros naturales del país: Misiones - Corriesntes - Entre Ríos - Formosa - Chaco - Santa Fe,Juan Carlos Chébez,Cecilia Repetti,Rústica,,,Editorial Albatros,Primera edición,2005,2005,950-241058-0,,288,,Castellano,Guía natural,Reservas naturales; Nordeste; NEA,Guía de las reservas naturales de la Argentina,3,Nuevo,,,,,,1ab5ec9526a7372e6156f2e103242d97.png,,,28,2023-10-14,2023-10-14
Canto a los árboles de Córdoba,Guía de reconocimiento,Juan Báez,,Rústica,,,Ecoval Ediciones,Segunda edición,,2016,978-987-400309-6,,160,,Castellano,Flora,Árboles; Argentina; Córdoba,,,Nuevo,,,,,,5d5f10dcedf5f45c37b8167843b8d5e8.png,"Poco sabemos de nuestros árboles nativos. ¿Cómo podemos respetar y defender lo que no conocemos? Mucho menos sentir empatía y afecto. Esta guía de reconocimiento pretende sacar del anonimato y del desdén a nuestros árboles, para que, además de diferenciar una especie de otra, también aprendas la personalidad de cada uno, aquello que lo hace especial, y digno de nuestro respeto y cariño.<br/><br/>Esta guía, fruto de un trabajo colaborativo con el Museo Botánico de la Universidad Nacional de Córdoba, cuenta con bellas ilustraciones, provistas por su iconoteca, y con minuciosas descripciones, para facilitar el reconocimiento de las especies en la salida de campo. Esta primera edición contiene 18 especies de árboles y arbustos típicos de las sierras de Córdoba.<br/><br/>He aquí un canto a un mundo que desaparece, un homenaje a nuestros árboles ignorados y olvidados.",,29,2023-10-14,2023-10-14
Flora Patagonia,Bosques del Sur - Guía para la identificación de plantas y sus hábitats,Claudia Guerrido; Damián Fernández,,Rústica,,,Ecoval Ediciones,Primera edición,2020,2020,978-987-400355-3,,320,,Castellano,Flora,Argentina; Patagonia,,,Nuevo,,,,,,20d3fe9a9144c57f480ba5cc5983e4ad.jpeg,"Flora de Patagonia, bosques Australes, es una guía de campo hecha con dedicación para quienes quieran conocer las plantas de los hermosos Bosques Subantárticos. en el extremo sur de Patagonia y archivpiélago Fueguino, tanto en Argentina como en Chile, existen Parques Nacionales y otras áreas protegidas de grandes extensiones que albergan una extraoridnaria biodiversidad. En este libro se describen 130 especies de plantas pertenecientes a 50 familias botánicas, muchas de ellas endémicas para la región austral. Cada planta está ilustrada con fotografías a color mostrando en detalle flores, frutos, hojas, el aspecto general de la planta y el ambiente donde vive. Las descripciones abarcan información sobre la morfología, el hábitat, la distribución geográfica, usos y particularidades y etimología del nombre genérico.",Bilingue: Español-Inglés (Flora Patagonia: Southern forests - Field guide to plant identification and their habitats).,30,2023-10-14,2023-10-14
El origen de la célula,,Lynn Margulis,,Rústica,,,Reverté Ediciones S.A de C.V.,Primera edición - 3ra reimpresión,,2001,968-670834-0,,140,Cristina Enríquez de Salamanca; Carlos Pedrós Alió,Castellano,Evolución,Evolución; Célula,,,Usado,,,,,,74f3d37e2a34cab9527bc49360faa870.jpeg,,Título original: Early life.,31,2023-10-14,2023-10-14
Topografía para espacios verdes,,Fabio A. Solari; Héctor G. Rosatto; Daniel A. Laureda,,Rústica,,,Editorial Facultad de Agronomía,Primera edición - 1ra reimpresión,2005,2011,950-290838-4,,253,,Castellano,Topografía,Topografía; Espacios verdes,,,Nuevo,,,,,,705f21fb58d04b6029db91e7e3f80d80.jpeg,,,32,2023-10-14,2023-10-14
Plagas forestales,Zoofitófagos que atacan las principales especies forestales naturales y cultivadas de la República Argentina,Héctor C. Brugnoni,,Rústica,,,Editorial Hemisferio Sur,Primera edición,1980,1980,,,216,,Castellano,Zoología,Árboles; Argentina; Plagas,,,Nuevo,,,,,,21256127c43597daccc6c118cfe97b77.jpeg,,,33,2023-10-14,2023-10-14
Física elemental,,A. P. Maiztegui,,Rústica,,,Editorial Kapelusz,Novena edición,1953,1965,,,173,,Castellano,Física,Física elemental,,,Usado,,,,,,b7bef04271c15c6ee6f40138aec4a6a5.png,,,34,2023-10-14,2023-10-14
Palmeras cultivadas en Buenos Aires,,Roberto D. Tortosa; Adriana Bártoli,Colin Sharp,Rústica,,,Editorial LOLA,Primera edición - 1ra reimpresión,2000,2005,950-972540-4,,25,,Castellano,Flora,Palmeras; Argentina; Buenos Aires,,,Nuevo,,,,,,d50c726b6a53adfcfe44436f945dcb78.png,"El lector hallará en este libro una guía para reconocer y diferenciar a las palmeras más cultivadas en la ciudad de Buenos Aires, las que también se encuentran en muchas regiones del país. No es requisito tener conocimientos previos para interpretarlo, ya que los pocos términos técnicos que se utilizan están ilustrados en las primeras páginas. Los autores vuelcan en esta obra la experiencia recogida en el dictado de los cursos sobre este tema en la Sociedad Argentina de Horticultura, y procuran que ella sea un instrumento para el fácil aprendizaje y entretenimiento.",,35,2023-10-14,2023-10-14
Flora del archipiélago fueguino y Patagonia,,Evelyn Devereux,,Rústica,,,,Segunda edición,,2006,987-051435-9,,160,,Castellano,Flora,Argentina: Patagonia; Tierra del Fuego,,,Nuevo,,,,,,f041609d1f3d87bfc06341d9bf76e402.jpeg,,Bilingue: Español-Inglés.,36,2023-10-14,2023-10-14
Corteza,Especies leñosas de los bosques andino-patagónicos Argentina,María Agueda Castro,,Rústica,,,Editorial LOLA,Primera edición,2009,2009,978-987-153307-7,,280,,Castellano,Botánica,Argentina; Patagonia; Árboles; Corteza,,,Nuevo,,,,,,ec04f99753b6285fe7b0bc80c7a8d745.png,,Bilingue: Español-Inglés (Bark: Woody species of the Andean-Patagonian forest Argentina).,37,2023-10-14,2023-10-14
Mecanismo de reproducción sexual en pinos,,Aníbal Niembro Rocas,,Rústica,,,"Editorial Limusa, S.A. de C.V.",Primera edición,1986,1986,968-182024-X,,130,,Castellano,Botánica,Árboles; Pinos,,,Nuevo,,,,,,80f823a1b112045707219c2f59cc9ae6.jpeg,,,38,2023-10-14,2023-10-14
Alelopatía,Interacciones químicas en la comunicación y defensa de las plantas,Silvia R. Leicach,,Rústica,,,Editorial Universitaria de Buenos Aires,Primera edición,2006,2006,950-231492-1,,208,,Castellano,Botánica,Química; Alelopatía,,,Nuevo,,,,,,4aaf51f94c57c3460824670aa5dd5986.png,,,39,2023-10-14,2023-10-14
Química general moderna,,Joseph A. Babor; José Ibarz Aznárez,,Tapa dura,,,"Editorial Marín, S.A.",Séptima edición,,1963,,,1144,,Castellano,Química,Química general; Química Inorgánica; Química Orgánica,,,Usado,,,,,,8ed0fb2bef332119140607f839429e39.png,,,40,2023-10-15,2023-10-15
Guías sendas & bosques,El Bolsón y parques nacionales Lago Puelo y Los Alerces,Gustavo Santos; Marcelo Castro; Jaime Aguayo,,Rústica,,,Ediciones S&B,,,2005,987-200807-8,,128,,Castellano,Guía natural,Fauna; Flora; Trekking; Patagonia; Parque nacional; Lago Puelo; Los Alerces,,,Nuevo,,,,,,9b6ccc5fdfc3d0079ec7feceedf1651f.jpeg,,,41,2023-10-15,2023-12-17
Guías sendas & bosques,Parque Nacional Lanín,Gustavo Santos; Jaime Aguayo,,Rústica,,,Ediciones S&B,Primera edición,2008,2008,978-987-232744-6,,144,,Castellano,Guía natural,Flora; Fauna; Trekking; Parque nacional; Lanín,,,Nuevo,,,,,,f30468b381a2b4a2597d83c07912b165.jpeg,,,42,2023-10-15,2023-12-17
La célula viva,,Henri Firket,,Rústica,,,Editorial Universitaria de Buenos Aires,Decimosegunda edición,1962,1983,950-230037-8,,130,Walter A. Ravanelli,Castellano,Biología,Biología; Célula; Citología,Colección cuadernos,145,Usado,,,,,,fda896b839e0b00d309199f152f90201.jpeg,,Título original: La cellule vivante,43,2023-10-15,2023-10-16
Árboles y arbustos nativos de la Patagonia argentina,,Gabriela Valente,Eduardo H. Sanz,Rústica,,,Ediciones de Imaginaria,,,2005,987-985570-1,,86,,Castellano,Flora,Árboles; Arbustos; Patagonia,,,Nuevo,,,,,,6fa17a3ae1d3dbc5d288db751b4c1d17.png,,,44,2023-10-16,2023-10-16
Árboles de San Martín de los Andes,Guía de reconocimiento,Mariana Álvarez; Adriano Arach; Pablo Arias; María Rosa Contreras; Irene Beatriz Dalmau; Giovanna Miño,,Rústica,,,Asociación Civil Pro Patagonia,Primera edición,2009,2009,978-987-248951-9,,162,,Castellano,Flora,Árboles; Patagonia; San Martín de los Andes,,,Nuevo,,,,,,83344b83593f2632e4befa27dc8fd0f8.jpeg,,,45,2023-10-16,2023-12-17
Citoesqueleto y vida celular,,Walter Berón; María Isabel Colombo; Luis Alberto López; Luis Segundo Mayorga; Miguel Ángel Sosa,,Rústica,,,Editorial Universitaria de Buenos Aires,Primera edición,2009,2009,978-950-231648-2,,96,,Castellano,Biología,Célula; Citología,Ciencia joven,36,Nuevo,,,,,,fb6480a15dd8d1ca571c9f30a7b9366d.jpeg,,,46,2023-10-16,2023-10-16
Patagonia,Las leyes del bosque,Santiago G. de la Vega,,Rústica,,,Contacto Silvestre Ediciones,Quinta edición,1999,2008,978-987-244200-2,,128,,Castellano,Ecología,Flora; Fauna; Patagonia,,,Nuevo,,,,,,562c3094c5ba0e8fb9ad4b9c2d117820.jpeg,,,47,2023-10-16,2023-10-16
Árboles,"Historia, uso e identificación de tipologías",Jenny Linford,,Rústica,,,Parragon Books Ltd.,,,2009,978-1-40756-772-3,,256,Josep María Jovells,Castellano,Flora,Árboles,,,Nuevo,,,,,,eacb0bea93d2e54b6f5255ce612c65dd.png,"Fichas identificativas de los árboles más comunes, incluyendo una imagen, un cuadro de referencia rápida y un texto informativo sobre cada especie. Guía ilustrada con magníficas fotografías en color.  La introducción detallada indica cómo identificar los árboles, su distribución y su importancia para la humanidad.",,48,2023-10-16,2023-10-16
Germinando pewén,,Osvaldo Néstor Herrera,,Rústica,,,,Primera edición,2014,2014,,,36,,Castellano,Jardinería,Árboles; Patagonia; Pehuén,,,Nuevo,,,,,,4405e2e9f3c12cd4c98052a8633efd1c.jpeg,,,49,2023-10-16,2023-12-17
La conducta de las plantas,,Roberto Ares,,Rústica,,,Vázquez Mazzini Editores,Primera edición,2019,2019,978-987-378144-5,,384,,Castellano,Botánica,Etología,,,Nuevo,,,,,,12f0673af8d6b7e748693ed00709a7d4.png,"La Conducta de las Plantas sintetiza los conocimientos avanzados en este siglo sobre el comportamiento en el reino vegetal. Este libro incluye las conclusiones de más de 1.000 trabajos de investigación, en un proceso de acumulación de evidencias que presiona sobre los límites de los roles asignados a las plantas. La ""etología botánica"" será una disciplina científica más, en la medida que las plantas muestran cómo interactúan con el resto de la vida.",,50,2023-10-17,2023-10-17
Tratado de Morfología y Sistemática Vegetal,,Milan Jorge Dimitri; Edgardo Norberto Orfila,,Tapa dura,,,Editorial Acme S.A.C.I.,,1985,2000,950-565375-1,,489,,Castellano,Botánica,Morfología; Sistemática,,,Nuevo,,,,,,4c8848075d4f1b9f5a62fe21a6e2e7c9.jpeg,,,51,2023-10-17,2023-12-17
Manual de Jardinería,,T. H. Everett,,Rústica,,,Editorial Contempora S.R.L.,,,1968,,,144,,Castellano,Jardinería,Jardinería práctica,,,Usado,,,,,,9b7b85f031398ecff5cb80493d791645.png,,Título original: Gardening handbook.,52,2023-10-17,2023-10-17
Árboles autóctonos argentinos,"De las selvas, bosques y montes de la Argentina",José Santos Biloni,Carlos Alberto Guastavino,Tapa dura,,,Tipográfica Editora Argentina,,1990,1996,950-521069-8,,335,,Castellano,Flora,Árboles; Argentina,,,Usado,,,,,,5b03b0c4b532422176cb6ec3328ab041.jpeg,,,53,2023-10-17,2023-12-17
Guía práctica ilustrada para los amantes de la naturaleza,"Cómo observar, estudiar, coleccionar, conservar y explorar la fauna y la flora de la ciudad y del campo con fascinantes trabajos y experimentos",Michael Chinery,,Rústica,,,BLUME,Primera edición,1977,1979,84-70-31114-X,,192,Diorki,Castellano,Biología,Flora; Fauna,,,Usado,,,,,,f843d42c946744f8baf8aac1f22dcdfe.png,,Título original: The family naturalist.,54,2023-10-18,2023-10-18
Aves de Berisso y costa bonaerense norte,Catálogo visual por ambientes,Juan F. Klimaitis; Cristian L. Klimaitis; Flavio N. Moschione; Julio A. Milat,,Rústica,,,Ecoval Ediciones,Primera edición,2019,2019,978-987-400336-2,,200,,Castellano,Zoología,Aves; Ornitología; Berisso; Costa bonaerense norte,,,Nuevo,,,,,,ccdd8c85a6a965e71e2370cd2bcf46a1.jpeg,,,55,2023-10-18,2023-10-18
Principios de Fisiología Vegetal,,Edgardo R. Montaldi,,Rústica,,,Ediciones SUR,Primera edición,1995,1995,950-971536-0,,298,,Castellano,Botánica,Fisiología Vegetal,,,Usado,,,,,,3e3745c21b355ebb5c7efc4cc67f9897.jpeg,,,56,2023-10-18,2023-12-17
La célula,,Geoffrey M. Cooper; Robert E. Hausman,,Rústica,,,Marbán,Sexta edición,2010,2014,978-84-71-01947-9,,794,N. Wright,Castellano,Biología,Citología,,,Nuevo,,,,,,0bf230e0292c2d96789beea11f5b71b1.png,,Título original: The cell: a molecular approach.,57,2023-10-22,2023-10-22
Bioquímica,,Mary K. Campbell; Shawn O. Farrell,,Rústica,,,Cengage Learning,Sexta edición,2009,2010,978-970-830016-2,,822,Alberto Camas Reyes; Jorge Humberto Cortés Gasco; Jorge Bonilla Talavera,Castellano,Química,Bioquímica,,,Nuevo,,,,,,fc2ae22e472167481b90b3d695151097.png,,Título original: Biochemistry.,58,2023-10-22,2023-10-22
Química Orgánica,,Harold Hart; Leslie E. Craine; David J. Hart; Christopher M. Hadad,Carmelo Sánchez González,Rústica,,,McGraw-Hill,Decimosegunda edición,2007,,978-84-48-15657-2,,581,Tomás García Martín; Marta Muñoz Hernández; Pedro Rincón Arévalo; José Gerardo Palencia Rojas,Castellano,Química,Química Orgánica,,,Nuevo,,,,,,b520ca86fbab887bbbc39817e8e87d0e.jpeg,,Título original: Organic Chemistry. A short course.,59,2023-10-22,2023-10-22
Química,,Raymond Chang; Kenneth A. Goldsby,Pablo E. Roig Vázquez,Rústica,,,McGraw-Hill,Undécima edición,2013,2013,978-6-07150307-7,,1138,Sergio Sarmiento Ortega; Erika Jasso Hernán,Castellano,Química,Química general; Química Inogánica; Química Orgánica,,,Nuevo,,,,,,0c43c4e584eac3087cfe4ac7f0aedac4.jpeg,"El propósito de los autores de Química es presentar un texto claro y conciso que no abrume a los lectores con una gran cantidad de información innecesaria. Al mismo tiempo, es suficientemente amplio para preparar a los estudiantes a que avancen al siguiente nivel de aprendizaje. La alentadora realimentación que se ha recibido de parte de instructores y estudiantes ha convencido a los autores de que su estilo es eficaz. Al igual que en sus diez ediciones anteriores, los autores ha procurado lograr un equilibrio claro entre la teoría y la aplicación. También ha dado particular importancia a presentar los principios básicos con ejemplos de la vida diaria. Lo nuevo en esta edición: Ken Goldsby se asoció con Raymond Chang como coautor en la undécima edición de Química. La experiencia de Ken en química orgánica ha añadido claridad al contenido y a los problemas. Nueva organización de los capítulos que permite a quienes enseñan química nuclear introducir este material inmediatamente después de terminar con la electroquímica. Además de reconocer la creciente importancia de la medicina nuclear y el debate actual sobre el papel que jugará la energía nuclear en la resolución de las necesidades energéticas futuras, la ubicación del tema de energía nuclear, antes de la química atmosférica, ayuda a la explicación de la contaminación con radón. Se agregó un nuevo tipo de problemas llamados interpretación, modelación y estimulación, que están diseñados para mostrar a los estudiantes cómo resolver situaciones similares a las del mundo real. Se incorporaron nuevas secciones de Revisión de conceptos en la mayoría de los capítulos. Se actualizaron los ensayos de Química en acción sobre “células grasas y la obesidad” en el capítulo 6, sobre la datación con radiocarbono para el sudario de Turín en el capítulo 13.",Título original: Chemistry.,60,2023-10-22,2023-10-22
Principios básicos de Química,,Jorge M. Martínez; Edgardo R. Donati,,Rústica,,,Nueva Librería,Segunda edición,,,987-430357-3,,216,,Castellano,Química,Química,,,Nuevo,,,,,,3dd910559a8cd090acb1ef007f306c1e.jpeg,,,61,2023-10-22,2023-10-22
El bosque,"Fauna, flora y recursos económicos del bosque mundial",Hugh Johnson,,Rústica,,,Editorial Blume,Primera edición,1987,1987,84-70-31579-X,,224,María Concepción Rigau Girbau,Castellano,Biología,Flora; Fauna,,,Nuevo,,,,,,b7f7091d837d38ca8c50e020b444c081.jpeg,,Título original: The forest.,62,2023-11-08,2023-11-08
Iconografía dendrológica,Árboles exóticos e indígenas de la Argentina,Milan Jorge Dimitri,,Rústica,,,Orientación Gráfica Editora,Primera edición,1989,2005,987-926040-6,,192,,Castellano,Flora,Árboles; Argentina,,,Nuevo,,,,,,1c673f2a0cbbdab8ab87b7d22bd6bb7b.jpeg,,,63,2023-11-08,2023-11-08
Plantas,Una exploración del mundo botánico,,Rosie Pickles,Tapa dura,,,Phaidon Press Limited,Primera edición,2016,2016,978-0-7148-7303-9,,352,Miguel Serrano; Anna Tetas,Castellano,Botánica,,,,Nuevo,,,,,,cdd1c41064ce73f7cdca0e72c8aeb6e1.jpeg,,,64,2023-11-08,2023-11-08
Biota Rioplatense III: Árboles rioplatenses,,Héctor B. Lahitte; Julio A. Hurrell; Paula Haloua; Leandro S. Jankowski; Manuel J. Belgrano,,Rústica,,,L.O.L.A.,Primera edición - 1ra reimpresión,1999,2004,950-972529-3,,300,,Castellano,Flora,Árboles,Biota rioplatense,3,Nuevo,,,,,,10535b9fa081b8f3f06785dcf4d1cca2.jpeg,,Bilingue: Español-Inglés (Trees of the Río de la Plata).,65,2023-11-10,2023-11-10
Biota rioplatense IV: Árboles urbanos,,Héctor B. Lahitte; Julio A. Hurrell; Juan José Valla; Leandro S. Jankowski; Daniel H. Bazzano; Ana Jesús Hernández,,Rústica,,,L.O.L.A.,Primera edición,1999,1999,,,320,,Castellano,Flora,Árboles; Árbolado urbano,Biota rioplatense,4,Nuevo,,,,,,4052facc5ac306ae85ef2e1850b31df4.jpeg,,,66,2023-11-10,2023-12-17
Biota rioplatense V: Plantas trepadoras,Nativas y exóticas,Héctor B. Lahitte; Julio A. Hurrell; Leandro S. Jankowski; Daniel H. Bazzano; Alcides Sáenz; Mónica Tourn; Germán Roitman,,Rústica,,,L.O.L.A.,Primera edición,2000,2000,950-972542-0,,264,,Castellano,Flora,Plantas trepadoras,Biota rioplatense,5,Nuevo,,,,,,c09de51c96eb8d896645b22222a39daf.jpeg,,,67,2023-11-10,2023-12-17
Biota rioplatense VI: Árboles urbanos 2,,Héctor B. Lahitte; Julio A. Hurrell; Juan José Valla; Alcides Sáenz; Stella Rivera; Leandro S. Jankowski; Daniel H. Bazzano,,Rústica,,,L.O.L.A.,Primera edición,2001,2001,950-972545-5,,286,,Castellano,Flora,Árboles; Arbolado urbano,Biota rioplatense,6,Nuevo,,,,,,387233cd00b5a5f6cc16eee4cbc5ca59.png,,,68,2023-11-10,2023-12-17
Biota rioplatense VII: Leguminosas,Nativas y exóticas,Julio A. Hurrell; Héctor B. Lahitte; Emilio A. Ulibarri; Edith V. Gómez Sosa; Ana María Cialdella; Renée H. Fortunato; Daniel H. Bazzano,,Rústica,,,L.O.L.A.,Primera edición,2002,2002,950-972552-8,,320,,Castellano,Flora,Árboles; Leguminosas,Biota rioplatense,7,Nuevo,,,,,,74e469ccb104d79729d15f5413f95190.jpeg,,,69,2023-11-10,2023-12-17
Biota rioplatense VIII: Arbustos 1,Nativos y exóticos,Julio A. Hurrell; Daniel H. Bazzano,,Rústica,,,L.O.L.A.,Primera edición,2003,2003,950-972556-0,,263,,Castellano,Flora,Arbustos,Biota rioplatense,8,Nuevo,,,,,,f2a381920e90aa3f5f329e6ac66b842d.jpeg,,,70,2023-11-10,2023-11-10
Biota rioplatense IX: Arbustos 2,Nativos y exóticos,Julio A. Hurrell; Daniel H. Bazzano; Gustavo Delucchi,,Rústica,,,L.O.L.A.,Primera edición,2004,2004,950-972567-6,,288,,Castellano,Flora,Arbustos,Biota rioplatense,9,Nuevo,,,,,,c204d8bc8be924a8e3e7ee801ec99652.jpeg,,,71,2023-11-10,2023-11-10
Biota rioplatense X: Monocotiledóneas herbáceas,Nativas y exóticas,Julio A. Hurrell; Daniel H. Bazzano; Gustavo Delucchi,,Rústica,,,L.O.L.A.,Primera edición,2005,2005,950-972578-1,,320,,Castellano,Flora,Monocotiledóneas,Biota rioplatense,10,Nuevo,,,,,,bf35487c3923c940bf74dc6d76ee1971.jpeg,,,72,2023-11-10,2023-11-10
Biota rioplatense XI: Dicotiledóneas herbáceas 1,Nativas y exóticas,Julio A. Hurrell; Daniel H. Bazzano; Gustavo Delucchi,,Rústica,,,L.O.L.A.,Primera edición,2006,2006,950-972592-7,,288,,Castellano,Flora,Dicotiledóneas,Biota rioplatense,11,Nuevo,,,,,,fb710abe5be69ad308fe10498c341b08.jpeg,,,73,2023-11-10,2023-11-10
Biota rioplatense XII: Dicotiledóneas herbáceas 2,Nativas y exóticas,Julio A. Hurrell; Daniel H. Bazzano; Gustavo Delucchi,,Rústica,,,L.O.L.A.,Primera edición,2007,2007,978-950-972595-9,,288,,Castellano,Flora,Dicotiledóneas,Biota rioplatense,12,Nuevo,,,,,,60868aafd54020bab8ad979f3d080222.jpeg,,,74,2023-11-10,2023-11-10
Biota rioplatense XIV: Hotalizas,Verduras y legumbres,Julio A. Hurrell; Emilio A. Ulibarri; Gustavo Delucchi; María L. Pochettino,,Rústica,,,L.O.L.A.,Primera edición,2009,2009,978-987-153309-1,,240,,Castellano,Flora,Hortalizas; Verduras; Legumbres,Biota rioplatense,14,Nuevo,,,,,,0b97b101e38bf78f4ca7e37d4359d6d8.jpeg,,,75,2023-11-10,2023-11-10
Biota rioplatense XV: Frutas,"Frescas, secas y preservadas",Julio A. Hurrell; Emilio A. Ulibarri; Gustavo Delucchi; María L. Pochettino,,Rústica,,,L.O.L.A.,Primera edición,2010,2010,978-987-153310-7,,304,,Castellano,Flora,Frutas,Biota rioplatense,15,Nuevo,,,,,,4d8798757bfc0c806ee45e464324096a.jpeg,,,76,2023-11-10,2023-11-10
Agua y ambiente,Un enfoque desde la Química,Miguel Ángel Blesa; María dos Santos Afonso; María Cristina Apella,,Rústica,,,Editorial Universitaria de Buenos Aires,Primera edición,2012,2012,978-950-231957-5,,360,,Castellano,Química,Agua; Química,Manuales,,Nuevo,,,,,,6474d42248cbb1b33fd9ca6345065250.jpeg,"A partir de las herramientas que brinda la química como ciencia natural, este libro pone a disposición de los estudiantes y de los profesionales un estudio pormenorizado del comportamiento de los sistemas acuosos naturales. En el primer bloque se describen las características químicas más importantes de las aguas naturales; en el segundo, las leyes que rigen el equilibrio químico y sus consecuencias en cuerpos de agua, y en el tercero, las leyes que gobiernan la velocidad con que ocurren las reacciones químicas, poniendo énfasis en el ciclo de los elementos más importantes, ya que los cursos de agua circulan por el planeta –en palabras de los autores– como “cintas transportadoras de la naturaleza terrestre”. Por último, el cuarto bloque describe temas especiales.",,77,2023-11-10,2023-11-10
Ecología e historia natural de la Patagonia andina,"Un cuartyo de siglo de investigación en biogeografía, ecología y conservación",,Estela Raffaele; Mónica de Torres Curth; Carolina L. Morales; Thomas Kitzberger,Rústica,,,Fundación de Historia Natural Félix de Azara,Primera edición,2014,2014,978-987-378101-8,,256,,Castellano,Ecología,Ecología; Historia natural; Patagonia,,,Nuevo,,,,,,7a92916f5d4cf065cc7ebb63f8dc88e5.png,,,78,2023-11-10,2023-11-10
Botánica sistemática de las plantas con semillas 1,,Hugo Francisco Gutiérrez,,Rústica,,,Ediciones UNL,Segunda edición,2020,2020,978-987-749224-8,,212,,Castellano,Botánica,Sistemática,,,Nuevo,,,,,,aa2f862b480192ef4c85be5541571048.jpeg,"La presente edición aborda la clasificación de las plantas correspondientes a los grupos Angiospermas y Gimnospermas. Reúne dos sistemas de clasificación de amplia difusión a nivel mundial: el sistema Engler (escuela europea) y el sistema de Cronquist (escuela americana), de modo que el lector puede disponer de ambos ordenamientos y obtener una visión más amplia de la Sistemática vegetal. Es una obra que resultará beneficiosa a estudiantes de grado que requieran conocimientos botánicos en las carreras de Ingeniería Agronómica, Biología, Biodiversidad, Farmacia, Jardinería, Paisajismo, Veterinaria, etc., en las que el reconocimiento de las plantas a campo es de gran utilidad. También puede ser utilizado por docentes del nivel medio, terciario y superior, tanto para el desarrollo de clases teóricas como de actividades prácticas.",,79,2023-12-19,2023-12-19
Botánica sistemática de las plantas con semillas 2,Principales familias de Gimnospermas y Monocotiledóneas,Hugo Francisco Gutiérrez; Ana María Lucchetti,,Rústica,,,Ediciones UNL,Primera edición,2022,2022,978-987-657959-9,,298,,Castellano,Botánica,Sistemática,,,Nuevo,,,,,,4f059310b203ac9a2ef4b5b175d3895b.jpeg,"Botánica sistemática de las plantas con semillas es un libro de texto sobre la clasificación de las plantas con semillas. Describe, a nivel de familias, dos importantes grupos taxonómicos: las Gimnosperma y las Monocotiledóneas. Contempla la descripción de las principales familias botánicas representadas en la flora autóctona de nuestro país, como también de aquellas con representantes ampliamente conocidos por su utilidad para el hombre. El desarrollo de cada familia está acompañado de ilustraciones de sus especies representativas, e incluye ejemplos de los taxones que la integran, con un breve comentario de los mismos. En la selección de las especies se prioriza las plantas autóctonas, en procura de estimular la observación y el conocimiento de nuestra flora, escasamente difundida en libros de estudio. También, se mencionan ejemplos de especies exóticas, en especial cuando son de utilidad para el hombre y su cultivo les haya dado popularidad. Se describen 40 familias las que se ordenan alfabéticamente por grupo (10 corresponden a Gimnospermas y 30 son Monocotiledóneas). Este ordenamiento permite seguir tres sistemas de clasificación muy utilizados en la enseñanza de la sistemática: la escuela europea (Engler), el sistema americano (Cronquist) y la reciente propuesta APG (Grupo Filogénetico de Angiospermas). Así, en el tratamiento de cada familia botánica, el lector dispone de diferentes ordenamientos para ampliar su visión de Taxonomía Vegetal.",,80,2023-12-19,2023-12-19
Botánica sistemática de las plantas con semillas 3,Principales familias de Dicotiledóneas,Hugo Francisco Gutiérrez,,Rústica,,,Ediciones UNL,Primera edición,2018,2018,978-987-749102-9,,482,,Castellano,Botánica,Sistemática,,,Nuevo,,,,,,2b01705daf454548f83deb2f07830f7e.jpeg,"Botánica sistemática de las plantas con semillas. Principales familias de Dicotiledóneas es un libro sobre la clasificación vegetal describe, a nivel de Familias, un grupo taxonómico muy diverso siguiendo sistemas de clasificación de difusión mundial, como Engler, Cronquist y APG III. Esta obra es el tercer volumen que completa la serie de dos libros anteriores editados por la Universidad Nacional del Litoral: Botánica sistemática de las plantas con semillas (2010) y Botánica sistemática de las plantas con semillas. Principales familias de Gimnospermas y Monocotiledóneas (2015). En este libro se describen las principales familias botánicas de la flora nativa de la República Argentina. En la selección de las especies se priorizó las plantas autóctonas y también se mencionan ejemplos de especies exóticas cuando su utilidad para el hombre les haya dado popularidad.<br/>",,81,2023-12-19,2023-12-19
La herencia humana,,Jean Rostand,,Rústica,,,Editorial Universitaria de Buenos Aires,,1960,1962,,,64,Dora Simbler,Castellano,Biología,Genética,Cuadernos,38,Usado,,,,,,08089358ee07cd8131bca52360099a62.jpeg,,,82,2023-12-19,2023-12-19
Genética agrícola,,James L. Brewbaker,,Tapa dura,,,Unión Tipográfica Editorial Hispano Americana,Primera edición,1967,1967,,,261,Humberto Sauza,Castellano,Genética,Genética agrícola,Manuales UTEHA,303,Usado,,,,,,b7b54955a4b3cd82367583cb9e8226b8.png,,Título original en inglés: Agricultural genetics.,83,2024-01-01,2024-01-01
Matemática... ¿estás ahí?,"Sobre números, personajes, problemas y cursiosidades",Adrián Paenza,,Rústica,,,Siglo XXI Editores Argentina,Primera edición - 4ta reimpresión,2005,2005,987-122019-7,,192,,Castellano,Matemática,Matemática,Ciencia que ladra...,,Usado,,,,,,15839e08988291ef54c745dac2175605.png,,,84,2024-01-01,2024-01-01
Estadística aplicada,,Nuria Cortada de Kohan; José Manuel Carro,,Rústica,,,Editorial Universitaria de Buenos Aires,Séptima edición,1968,1978,,,368,,Castellano,Matemática,Estadística,Manuales,,Usado,,,,,,ad35e9c3051b3ee5cdb7d419494c4c93.png,,,85,2024-01-02,2024-01-02
Bioquímica,Las bases moleculares de la estructura y función celular,Albert L. Lehninger,,Tapa dura,,,Ediciones Omega,Segunda edición - 13a reimpresión,,1989,84-28-20211-7,,1117,Fernando Calvet Prats; Jorge Bozal Fes,Castellano,Química,Bioquímica,,,Usado,,,,,,6b1cc8a95c65988520edcd6c87aa96e5.png,,Título original en inglés: Biochemistry.,86,2024-01-02,2024-01-02
Manual de cultivo y forestación de especies nativas para el centro de Argentina,,Natalia C. De Luca,,Rústica,,,Ecoval Ediciones,Primera edición,2020,2020,978-987-400351-5,,140,,Castellano,Jardinería,Argentina,,,Nuevo,,,,,,769e475e620a5e021ab56218134d6220.png,"Esta obra intenta poner en evidencia la necesidad de reivindicar las especies vegetales nativas de una región que originalmente ha sido muy rica en biodiversidad y tradición cultural en su uso, pero el avance del cuestionado progreso ha hecho que las olvidemos.<br/>Se esfuerza en acercar a la persona aficionada al bosque nativo, a conocerlo a través del cultivo de las plantas que en él crecen, y aprender a valorar el inmenso misterio de evolución de la vida y los innumerables beneficios que aquel nos brinda.<br/>Cuando se accede a un espacio con especies nativas, se puede aprender a reproducirlas recolectando sus semillas, experimentando con su siembra y contagiando a más gente para que lo haga en lugares donde se hayan perdido completamente o estén en vías de extinción. De esta forma nos sentiremos parte del eco-sistema que nos contiene y sostiene, del cual depende sustentar el desarrollo humano.<br/>Este es un manual práctico con guías sencillas para viveristas, productores agropecuarios, cultivadores aficionados, jardineros, docentes, profesionales de carreras afines a las ciencias naturales y técnicos de la restauración ecológica, que quieran emprender el desafío de hacer germinar y crecer plantas nativas, ya sea con propósitos ambientales, educativos y comerciales.",,87,2024-01-02,2024-01-02
Curso de Economía moderna,,Paul A. Samuelson,,Tapa dura,,,Aguilar,Decimosexta edición,1948,1968,,,960,José Luis Sampedro,Castellano,Economía,,,,Usado,,,,,,ca56f7959dc2b543ec176cd38b690625.jpeg,,Título original en inglés: Economics: an introductory analysis.,88,2024-01-31,2024-01-31
Instrumental para el estudio de la economía argentina,,Ricardo J. Ferrucci,,Rústica,,,Editorial Universitaria de Buenos Aires; Editorial Tesis,Cuarta edición,1989,1989,950-910998-3,,476,,Castellano,Economía,,,,Usado,,,,,,c697c20870e25374e695744eda9f086b.png,,,89,2024-01-31,2024-01-31
Macroeconomía,,Rudiger Dornbusch; Stanley Fischer,Juan Stumpf,Rústica,,,McGraw-Hill,Sexta edición,1994,1994,84-48-11894-4,,785,Esther Rabasco; Luis Toharia,Castellano,Economía,Macroeconomía,,,Usado,,,,,,16bb6f8127c096e25d8ab47d49ce9940.jpeg,,Título original en inglés: Macroeconomics.,90,2024-01-31,2024-01-31
Microeconomía,Teoría y aplicaciones,Edwin Mansfield,,Rústica,,,Tesis Grupo Editorial Norma,Tercera edición,1970,1994,950-910953-3,,637,Guillermo Escudé,Castellano,Economía,Microeconomía,,,Usado,,,,,,355e3f0b30cd75ebe57312c558f27a15.png,,Título original en inglés: Microeconomics - Theory and applications.,91,2024-01-31,2024-01-31
Economía,Principios y aplicaciones,Francisco Mochón; Víctor A. Beker,Mariano J. Norte,Rústica,,,McGraw-Hill,Primera edición,1993,1993,84-48-10054-9,,826,,Castellano,Economía,Microeconomía; Macroeconomía,,,Usado,,,,,,f9d04d60364f88b83242a80977625b31.jpeg,,,92,2024-01-31,2024-01-31
Introducción a la economía argentina,Una visión desde la periferia,Gerardo Fabián de Santis,,Rústica,,,Universidad Nacional Arturo Jauretche,Primera edición - 1ra reimpresión,2015,2015,978-987-291889-7,,272,,Castellano,Economía,,,,Nuevo,,,,,,528bf8ee16cb1df5a4dffe41114467cf.jpeg,,,93,2024-01-31,2024-01-31
Introducción al estudio del ingreso nacional,,Norberto González; Roberto Tomasini,,Rústica,,,Editorial Universitaria de Buenos Aires,Primera edición,1961,1961,,,44,,Castellano,Economía,,Cuadernos,1,Usado,,,,,,66fe1d857d70a38bc564175d9ae7bfed.png,,,94,2024-01-31,2024-01-31
